City_ID,City,Country,Date,Lat,Lng,Max Temp,Humidity,Cloudiness,Wind Speed
0,Maltahohe,NA,2021-11-25 00:30:29,-24.8333,16.9833,63.9,38,0,7.47
1,Ushuaia,AR,2021-11-25 00:28:39,-54.8,-68.3,46.06,66,20,17.27
2,Atambua,ID,2021-11-25 00:30:30,-9.1061,124.8925,84.09,64,72,1.79
3,Corbelia,BR,2021-11-25 00:30:30,-24.7989,-53.3067,74.37,58,27,2.98
4,Ribeira Grande,PT,2021-11-25 00:30:31,38.5167,-28.7,64.98,69,100,24.11
5,Yellowknife,CA,2021-11-25 00:29:00,62.456,-114.3525,0.41,87,90,16.11
6,Requena,ES,2021-11-25 00:30:32,39.4883,-1.1004,42.71,80,100,17.98
7,Saskylakh,RU,2021-11-25 00:30:04,71.9167,114.0833,-10.32,95,100,9.22
8,Bluff,NZ,2021-11-25 00:28:37,-46.6,168.3333,60.17,52,92,5.61
9,Pitimbu,BR,2021-11-25 00:30:33,-7.4706,-34.8086,79.39,77,54,9.53
10,Leningradskiy,RU,2021-11-25 00:30:33,69.3833,178.4167,-19.03,98,100,4.76
11,Punta Arenas,CL,2021-11-25 00:28:43,-53.15,-70.9167,48.31,71,0,8.05
12,Cape Town,ZA,2021-11-25 00:26:31,-33.9258,18.4232,62.1,56,0,8.05
13,Tocopilla,CL,2021-11-25 00:30:35,-22.092,-70.1979,65.28,70,61,7.83
14,Chuy,UY,2021-11-25 00:30:35,-33.6971,-53.4616,62.44,70,0,8.03
15,Longyearbyen,SJ,2021-11-25 00:30:36,78.2186,15.6401,3.04,78,40,6.91
16,Kirakira,SB,2021-11-25 00:30:36,-10.4544,161.9205,84.81,72,100,9.31
17,Mweka,CD,2021-11-25 00:30:36,-4.85,21.5667,67.26,99,100,1.28
18,Harwich,GB,2021-11-25 00:30:37,51.9419,1.2844,44.01,88,86,5.01
19,Gimli,CA,2021-11-25 00:29:39,50.6336,-96.9907,10.42,61,87,12.66
20,Kargil,IN,2021-11-25 00:30:38,34.5667,76.1,19.08,90,100,1.25
21,New Norfolk,AU,2021-11-25 00:28:49,-42.7826,147.0587,72.66,25,8,4.61
22,East London,ZA,2021-11-25 00:30:38,-33.0153,27.9116,59.83,80,86,5.88
23,Mayo,US,2021-11-25 00:30:39,38.8876,-76.5119,43.11,73,1,1.01
24,Kismayo,SO,2021-11-25 00:30:39,-0.3582,42.5454,78.21,83,85,10.69
25,Bengkulu,ID,2021-11-25 00:30:40,-3.8004,102.2655,79.93,63,46,4.09
26,Sobolevo,RU,2021-11-25 00:30:40,54.4299,31.8996,33.66,93,100,10.63
27,Mayumba,GA,2021-11-25 00:30:41,-3.432,10.6554,74.59,95,100,3.49
28,Vallenar,CL,2021-11-25 00:30:41,-28.5708,-70.7581,66.36,47,4,2.1
29,Lebu,CL,2021-11-25 00:30:42,-37.6167,-73.65,54.86,92,19,1.99
30,Yagodnoye,RU,2021-11-25 00:30:42,62.55,149.6667,-23.06,96,17,3.8
31,Jamestown,US,2021-11-25 00:28:17,42.097,-79.2353,42.39,56,1,10.36
32,Luanda,AO,2021-11-25 00:27:29,-8.8368,13.2343,78.15,81,97,7.29
33,Manggar,ID,2021-11-25 00:30:43,-2.8833,108.2667,82.0,66,79,3.09
34,Matagami,CA,2021-11-25 00:29:15,49.7502,-77.6328,32.11,100,90,4.61
35,Port Lincoln,AU,2021-11-25 00:27:26,-34.7333,135.8667,63.25,69,7,21.77
36,Fort Nelson,CA,2021-11-25 00:30:07,58.8053,-122.7002,-4.41,84,90,2.3
37,Darjiling,IN,2021-11-25 00:30:45,27.0333,88.2667,39.22,76,15,5.35
38,Mataura,NZ,2021-11-25 00:30:46,-46.1927,168.8643,72.82,26,100,8.08
39,Busselton,AU,2021-11-25 00:28:51,-33.65,115.3333,66.09,52,48,12.71
40,Onalaska,US,2021-11-25 00:28:54,43.8844,-91.2351,49.35,64,1,9.22
41,Kapaa,US,2021-11-25 00:30:47,22.0752,-159.319,82.72,65,1,3.0
42,Callaway,US,2021-11-25 00:30:48,30.153,-85.5699,53.91,68,1,0.0
43,Isangel,VU,2021-11-25 00:30:48,-19.55,169.2667,76.8,79,100,17.38
44,Albany,US,2021-11-25 00:30:01,42.6001,-73.9662,34.66,69,98,2.75
45,Mugumu,TZ,2021-11-25 00:30:49,-1.85,34.7,65.82,70,92,3.89
46,Nikolskoye,RU,2021-11-25 00:30:50,59.7035,30.7861,31.89,91,100,2.44
47,Ca Mau,VN,2021-11-25 00:30:50,9.1769,105.15,77.32,90,100,5.39
48,Kuching,MY,2021-11-25 00:31:51,1.55,110.3333,77.22,94,40,3.44
49,Cienaga,CO,2021-11-25 00:31:51,11.007,-74.2476,77.14,80,100,3.78
50,Ahipara,NZ,2021-11-25 00:31:52,-35.1667,173.1667,65.55,71,100,2.75
51,Nhulunbuy,AU,2021-11-25 00:31:52,-12.2333,136.7667,90.21,51,75,5.75
52,Doka,SD,2021-11-25 00:31:53,13.5167,35.7667,76.14,35,5,10.49
53,Komsomolskiy,UZ,2021-11-25 00:31:54,40.4272,71.7189,38.62,60,0,4.61
54,Atbasar,KZ,2021-11-25 00:31:54,51.8,68.3333,14.74,89,100,10.02
55,Avarua,CK,2021-11-25 00:31:55,-21.2078,-159.775,80.65,69,78,11.5
56,Hithadhoo,MV,2021-11-25 00:29:59,-0.6,73.0833,81.99,72,93,18.54
57,Manica,FR,2021-11-25 00:31:55,49.0,-1.1667,40.41,86,100,0.51
58,Rikitea,PF,2021-11-25 00:31:56,-23.1203,-134.9692,77.14,70,12,11.86
59,Sao Joao Da Barra,BR,2021-11-25 00:31:57,-21.6403,-41.0511,71.8,88,18,5.14
60,Saint-Francois,FR,2021-11-25 00:31:57,46.4154,3.9054,33.67,96,99,2.3
61,Jumla,NP,2021-11-25 00:31:58,29.2747,82.1838,37.67,53,0,4.09
62,Kazanka,UA,2021-11-25 00:31:58,47.8462,32.8218,30.51,79,11,6.06
63,Torbay,CA,2021-11-25 00:31:59,47.6666,-52.7314,48.27,98,90,18.41
64,Fortuna,US,2021-11-25 00:31:59,40.5982,-124.1573,55.74,69,1,1.01
65,Puerto Ayora,EC,2021-11-25 00:31:15,-0.7393,-90.3518,69.69,82,33,11.07
66,Hilo,US,2021-11-25 00:32:00,19.7297,-155.09,86.29,74,40,12.66
67,Zhigansk,RU,2021-11-25 00:32:00,66.7697,123.3711,-14.75,90,100,5.39
68,Pecos,US,2021-11-25 00:32:01,31.4229,-103.4932,70.05,32,1,6.91
69,Norman Wells,CA,2021-11-25 00:31:55,65.282,-126.8329,-23.76,69,75,2.3
70,Hobart,AU,2021-11-25 00:30:27,-42.8794,147.3294,73.02,52,75,5.01
71,Hasaki,JP,2021-11-25 00:32:02,35.7333,140.8333,54.28,48,0,8.79
72,Hermanus,ZA,2021-11-25 00:32:02,-34.4187,19.2345,57.79,72,0,20.45
73,Narsaq,GL,2021-11-25 00:32:03,60.9167,-46.05,35.82,99,100,8.16
74,Vredendal,ZA,2021-11-25 00:32:03,-31.6683,18.5012,65.89,44,7,6.04
75,Zunheboto,IN,2021-11-25 00:32:04,25.9667,94.5167,48.02,80,3,3.44
76,Santa Isabel,BR,2021-11-25 00:32:04,-23.3156,-46.2214,70.66,97,100,2.62
77,Port-Cartier,CA,2021-11-25 00:31:07,50.0334,-66.8654,30.74,49,100,15.5
78,Lodwar,KE,2021-11-25 00:32:05,3.1191,35.5973,83.7,44,59,6.6
79,Barguzin,RU,2021-11-25 00:32:06,53.6167,109.6167,14.49,95,100,1.86
80,Pacific Grove,US,2021-11-25 00:31:00,36.6177,-121.9166,64.94,51,1,1.01
81,Candido De Abreu,BR,2021-11-25 00:32:07,-24.5669,-51.3333,72.41,71,76,2.1
82,Taoudenni,ML,2021-11-25 00:32:07,22.6783,-3.9836,77.92,39,89,7.87
83,Starkville,US,2021-11-25 00:32:08,33.4504,-88.8184,55.06,73,54,7.83
84,Karratha,AU,2021-11-25 00:27:38,-20.7377,116.8463,87.76,20,60,22.19
85,San Bartolome De Tirajana,ES,2021-11-25 00:32:09,27.9248,-15.5733,59.47,86,75,6.91
86,Salalah,OM,2021-11-25 00:32:09,17.0151,54.0924,80.69,89,0,3.44
87,Rabo De Peixe,PT,2021-11-25 00:32:10,37.8,-25.5833,62.28,96,75,12.66
88,Nguruka,TZ,2021-11-25 00:32:10,-5.1092,31.0419,65.39,87,100,3.58
89,Oriximina,BR,2021-11-25 00:32:11,-1.7656,-55.8661,78.91,72,42,3.15
90,Barrow,US,2021-11-25 00:28:16,71.2906,-156.7887,-3.98,77,75,11.5
91,Kaeo,NZ,2021-11-25 00:33:12,-35.1,173.7833,67.26,66,100,7.54
92,Coihaique,CL,2021-11-25 00:33:12,-45.5752,-72.0662,57.15,67,75,3.44
93,Hualmay,PE,2021-11-25 00:33:12,-11.0964,-77.6139,66.63,83,100,9.31
94,Ust-Koksa,RU,2021-11-25 00:33:13,50.2696,85.6108,23.65,94,100,2.21
95,Xining,CN,2021-11-25 00:28:19,36.6167,101.7667,25.57,36,0,2.89
96,Yakima,US,2021-11-25 00:33:14,46.4665,-120.6678,42.73,71,1,3.44
97,Butaritari,KI,2021-11-25 00:31:19,3.0707,172.7902,82.45,69,17,15.12
98,Lompoc,US,2021-11-25 00:33:15,34.6391,-120.4579,72.09,45,1,8.05
99,Roald,NO,2021-11-25 00:33:15,62.5833,6.1333,39.34,87,75,1.14
100,Iqaluit,CA,2021-11-25 00:29:48,63.7506,-68.5145,28.13,74,75,31.07
101,Kruisfontein,ZA,2021-11-25 00:33:16,-34.0033,24.7314,56.88,90,0,3.96
102,Atuona,PF,2021-11-25 00:33:16,-9.8,-139.0333,77.94,79,38,13.29
103,Lorengau,PG,2021-11-25 00:31:17,-2.0226,147.2712,85.66,67,35,9.35
104,Cabo San Lucas,MX,2021-11-25 00:33:17,22.8909,-109.9124,78.1,64,1,14.97
105,Arraial Do Cabo,BR,2021-11-25 00:33:17,-22.9661,-42.0278,71.56,94,40,2.3
106,Tasiilaq,GL,2021-11-25 00:33:18,65.6145,-37.6368,26.76,83,100,8.77
107,Grand-Santi,GF,2021-11-25 00:29:16,4.25,-54.3833,73.26,98,100,1.68
108,Porangatu,BR,2021-11-25 00:33:19,-13.4408,-49.1486,76.46,77,100,1.81
109,San Isidro,PE,2021-11-25 00:33:19,-12.1167,-77.05,68.02,83,40,3.0
110,Christchurch,NZ,2021-11-25 00:32:06,-43.5333,172.6333,70.32,66,100,8.01
111,Kabinda,CD,2021-11-25 00:33:20,-6.1333,24.4833,65.79,97,100,3.96
112,Qaanaaq,GL,2021-11-25 00:28:39,77.484,-69.3632,-2.49,50,0,8.12
113,Katsuura,JP,2021-11-25 00:31:44,35.1333,140.3,60.19,57,0,16.37
114,Vaini,TO,2021-11-25 00:28:43,-21.2,-175.2,84.36,89,75,5.75
115,Ampanihy,MG,2021-11-25 00:33:21,-24.7,44.75,61.57,87,0,2.57
116,Ishigaki,JP,2021-11-25 00:33:21,24.3448,124.1572,73.53,68,75,11.5
117,Carnarvon,AU,2021-11-25 00:33:22,-24.8667,113.6333,89.67,18,0,21.85
118,Saint-Philippe,RE,2021-11-25 00:33:22,-21.3585,55.7679,74.79,84,57,2.53
119,Syracuse,IT,2021-11-25 00:28:27,37.0881,15.2792,59.05,81,20,3.33
120,Touros,BR,2021-11-25 00:33:23,-5.1989,-35.4608,81.5,77,89,12.86
121,Nanortalik,GL,2021-11-25 00:33:23,60.1432,-45.2371,39.09,98,100,12.21
122,Kortkeros,RU,2021-11-25 00:33:24,61.8106,51.5806,12.2,96,100,5.14
123,Bira,RU,2021-11-25 00:33:24,49.0,132.4667,19.4,80,57,3.85
124,Kimbe,PG,2021-11-25 00:33:25,-5.5502,150.1429,87.66,64,50,4.97
125,Chokurdakh,RU,2021-11-25 00:31:47,70.6333,147.9167,-26.9,100,73,6.8
126,Port Hardy,CA,2021-11-25 00:33:26,50.6996,-127.4199,44.6,93,90,20.71
127,Margate,GB,2021-11-25 00:30:27,51.3813,1.3862,44.31,86,100,4.0
128,Kahramanmaras,TR,2021-11-25 00:33:26,38.0,37.0,39.83,92,100,7.96
129,Port Elizabeth,ZA,2021-11-25 00:33:27,-33.918,25.5701,61.09,77,20,8.05
130,Castro,BR,2021-11-25 00:33:27,-24.7911,-50.0119,63.66,82,100,7.34
131,Virginia Beach,US,2021-11-25 00:31:21,36.8529,-75.978,42.03,65,40,0.0
132,Kavieng,PG,2021-11-25 00:33:28,-2.5744,150.7967,85.93,63,18,10.78
133,Tuktoyaktuk,CA,2021-11-25 00:30:01,69.4541,-133.0374,-25.6,68,20,5.75
134,Svetlyy,RU,2021-11-25 00:33:28,54.675,20.1347,44.65,87,100,13.82
135,Alofi,NU,2021-11-25 00:33:29,-19.0595,-169.9187,84.09,70,40,10.36
136,San Quintin,MX,2021-11-25 00:34:29,30.4833,-115.95,62.06,79,0,7.09
137,Rundu,NA,2021-11-25 00:34:30,-17.9333,19.7667,69.15,20,100,4.94
138,Port Moresby,PG,2021-11-25 00:34:30,-9.4431,147.1797,87.22,70,20,11.5
139,Grindavik,IS,2021-11-25 00:34:31,63.8424,-22.4338,37.87,93,90,18.41
140,Quatre Cocos,MU,2021-11-25 00:34:31,-20.2078,57.7625,74.08,76,10,9.19
141,Maceio,BR,2021-11-25 00:30:18,-9.6658,-35.7353,78.24,88,20,5.75
142,Chermoz,RU,2021-11-25 00:34:32,58.787,56.1489,5.04,97,76,7.36
143,Khatanga,RU,2021-11-25 00:34:32,71.9667,102.5,-10.7,96,30,4.59
144,Meulaboh,ID,2021-11-25 00:34:33,4.1363,96.1285,77.05,84,99,4.54
145,Makat,KZ,2021-11-25 00:34:33,47.6469,53.3463,22.14,77,3,8.05
146,Georgetown,MY,2021-11-25 00:30:15,5.4112,100.3354,77.9,93,40,3.0
147,Poya,NC,2021-11-25 00:34:34,-21.35,165.15,81.73,62,61,5.61
148,Mokrousovo,RU,2021-11-25 00:34:34,55.8103,66.7653,10.38,96,98,7.2
149,Mahanoro,MG,2021-11-25 00:34:35,-19.9,48.8,73.38,90,60,3.13
150,Eureka,US,2021-11-25 00:30:02,40.8021,-124.1637,56.01,73,92,1.99
151,Alice Springs,AU,2021-11-25 00:34:35,-23.7,133.8833,67.55,64,40,10.36
152,Constitucion,CL,2021-11-25 00:31:18,-35.3333,-72.4167,53.91,92,0,0.87
153,Dingle,PH,2021-11-25 00:34:36,10.9995,122.6711,82.76,80,100,9.64
154,Conroe,US,2021-11-25 00:31:10,30.3119,-95.456,73.17,76,90,12.66
155,Kidal,ML,2021-11-25 00:34:37,18.4411,1.4078,76.08,30,2,11.34
156,Ulladulla,AU,2021-11-25 00:34:37,-35.35,150.4667,79.77,83,100,4.54
157,Cidreira,BR,2021-11-25 00:34:38,-30.1811,-50.2056,67.78,77,0,20.45
158,Cayenne,GF,2021-11-25 00:32:05,4.9333,-52.3333,82.09,85,75,3.44
159,Kodiak,US,2021-11-25 00:34:38,57.79,-152.4072,22.51,58,90,10.36
160,Sakaiminato,JP,2021-11-25 00:34:39,35.55,133.2333,53.53,66,75,5.75
161,Terrace,CA,2021-11-25 00:34:39,54.5163,-128.6035,37.42,93,90,20.71
162,Dalvik,IS,2021-11-25 00:34:40,65.9702,-18.5286,28.33,83,100,21.52
163,Bredasdorp,ZA,2021-11-25 00:31:52,-34.5322,20.0403,57.27,69,0,12.53
164,Xiaoweizhai,CN,2021-11-25 00:34:41,26.1903,107.5125,51.31,73,0,2.01
165,Pevek,RU,2021-11-25 00:34:41,69.7008,170.3133,-15.5,92,100,2.37
166,Dinguiraye,GN,2021-11-25 00:34:42,11.3,-10.7167,71.01,34,100,1.25
167,Beringovskiy,RU,2021-11-25 00:34:42,63.05,179.3167,-0.81,80,100,6.78
168,Geraldton,AU,2021-11-25 00:31:18,-28.7667,114.6,88.21,14,0,13.8
169,Udomlya,RU,2021-11-25 00:34:43,57.8794,34.9925,30.6,87,99,6.73
170,Victoria,HK,2021-11-25 00:30:06,22.2855,114.1577,67.32,67,20,1.01
171,Anjozorobe,MG,2021-11-25 00:34:43,-18.4,47.8667,66.52,91,23,2.26
172,Esperance,AU,2021-11-25 00:33:46,-33.8667,121.9,64.24,67,100,5.55
173,Port Alfred,ZA,2021-11-25 00:34:44,-33.5906,26.891,59.95,78,56,11.59
174,Harper,LR,2021-11-25 00:34:44,4.375,-7.7169,79.45,84,41,5.82
175,Wao,PH,2021-11-25 00:34:45,7.6833,124.6833,69.35,93,100,2.35
176,Havoysund,NO,2021-11-25 00:34:46,70.9963,24.6622,23.88,79,100,7.96
177,Marrakesh,MA,2021-11-25 00:34:46,31.6315,-8.0083,55.47,76,40,4.61
178,Saint-Georges,GD,2021-11-25 00:34:46,12.0564,-61.7485,80.28,83,20,0.0
179,Kamaishi,JP,2021-11-25 00:34:47,39.2667,141.8833,40.15,88,80,6.62
180,Winchester,GB,2021-11-25 00:31:37,51.0651,-1.3187,42.69,94,75,1.14
181,Duku,NG,2021-11-25 00:34:47,11.2361,4.9073,77.14,24,4,4.94
182,Merauke,ID,2021-11-25 00:35:48,-8.4667,140.3333,85.35,67,99,5.86
183,Banswara,IN,2021-11-25 00:35:48,23.55,74.45,66.96,48,0,2.98
184,Yar-Sale,RU,2021-11-25 00:35:49,66.8333,70.8333,-3.44,98,95,4.65
185,Igarka,RU,2021-11-25 00:35:49,67.4667,86.5833,8.74,95,100,11.77
186,Fairbanks,US,2021-11-25 00:35:19,64.8378,-147.7164,-6.02,71,40,5.75
187,Thompson,CA,2021-11-25 00:35:50,55.7435,-97.8558,-3.84,71,1,12.66
188,Caravelas,BR,2021-11-25 00:35:50,-17.7125,-39.2481,74.28,85,100,6.13
189,Una,IN,2021-11-25 00:35:51,20.8167,71.0333,74.35,40,5,7.74
190,Nelson Bay,AU,2021-11-25 00:35:35,-32.7167,152.15,77.05,92,100,6.67
191,Provideniya,RU,2021-11-25 00:35:52,64.3833,-173.3,3.31,55,0,6.71
192,Tessalit,ML,2021-11-25 00:35:52,20.1986,1.0114,73.74,33,82,7.81
193,Kasempa,ZM,2021-11-25 00:35:53,-13.4584,25.8338,63.41,96,100,2.53
194,Boende,CD,2021-11-25 00:35:54,-0.2167,20.8667,73.53,86,100,2.77
195,Vila Franca Do Campo,PT,2021-11-25 00:35:54,37.7167,-25.4333,63.19,72,100,21.59
196,Upanema,BR,2021-11-25 00:35:55,-5.6419,-37.2578,80.29,67,96,15.43
197,Dakar,SN,2021-11-25 00:31:52,14.6937,-17.4441,80.73,94,40,0.0
198,Lavrentiya,RU,2021-11-25 00:32:35,65.5833,-171.0,-4.83,91,7,8.16
199,Ixtepec,MX,2021-11-25 00:35:55,16.5786,-95.1022,73.0,74,7,11.43
200,Mount Gambier,AU,2021-11-25 00:35:56,-37.8333,140.7667,62.51,59,75,18.41
201,Pangnirtung,CA,2021-11-25 00:35:56,66.1451,-65.7125,21.2,68,90,14.97
202,Rafai,CF,2021-11-25 00:35:57,4.95,23.9167,67.44,57,0,1.45
203,Bambanglipuro,ID,2021-11-25 00:35:57,-7.95,110.2833,82.67,75,24,5.03
204,Mar Del Plata,AR,2021-11-25 00:35:58,-38.0023,-57.5575,80.62,34,0,9.22
205,Kahului,US,2021-11-25 00:35:58,20.8947,-156.47,86.02,69,20,14.97
206,Bathsheba,BB,2021-11-25 00:35:59,13.2167,-59.5167,77.61,88,20,6.91
207,San Cristobal,VE,2021-11-25 00:35:59,7.7669,-72.225,66.38,96,73,2.35
208,Severo-Yeniseyskiy,RU,2021-11-25 00:36:00,60.3725,93.0408,11.86,92,100,6.24
209,Rurrenabaque,BO,2021-11-25 00:36:00,-14.4413,-67.5278,75.4,92,92,1.66
210,Lasa,IT,2021-11-25 00:32:24,46.6166,10.7002,36.48,85,47,2.64
211,Casper,US,2021-11-25 00:36:01,42.8666,-106.3131,28.72,85,75,1.99
212,Sulam,IL,2021-11-25 00:36:01,32.6061,35.3341,57.24,76,95,2.8
213,Saint George,US,2021-11-25 00:35:11,37.1041,-113.5841,54.19,20,1,8.01
214,Metro,ID,2021-11-25 00:36:02,-5.1131,105.3067,79.21,64,65,3.62
215,Ucluelet,CA,2021-11-25 00:36:02,48.9329,-125.5528,48.09,92,100,4.0
216,Auki,SB,2021-11-25 00:36:00,-8.7676,160.7034,87.4,59,48,1.52
217,Guerrero Negro,MX,2021-11-25 00:31:21,27.9769,-114.0611,65.1,78,100,13.47
218,Dikson,RU,2021-11-25 00:33:07,73.5069,80.5464,7.27,88,100,9.55
219,Berbera,SO,2021-11-25 00:36:03,10.4396,45.0143,78.42,64,14,7.23
220,Pemangkat,ID,2021-11-25 00:36:04,1.1667,108.9667,79.12,85,100,3.2
221,Gillette,US,2021-11-25 00:36:04,44.2911,-105.5022,25.95,75,75,0.0
222,Sitka,US,2021-11-25 00:36:05,57.0531,-135.33,44.49,65,90,11.5
223,Mount Isa,AU,2021-11-25 00:31:13,-20.7333,139.5,71.37,73,90,5.75
224,Shingu,JP,2021-11-25 00:36:06,33.7333,135.9833,56.39,55,4,10.31
225,Kijang,KR,2021-11-25 00:36:06,35.2442,129.2139,53.33,60,6,11.01
226,Shelburne,CA,2021-11-25 00:35:12,44.0787,-80.2041,40.89,76,100,15.55
227,Tula,RU,2021-11-25 00:36:07,54.2044,37.6111,33.82,88,100,16.31
228,Atasu,KZ,2021-11-25 00:36:07,48.6814,71.6433,38.01,72,100,19.17
229,Hobyo,SO,2021-11-25 00:36:08,5.3505,48.5268,80.65,80,10,11.59
230,Pochutla,MX,2021-11-25 00:37:08,15.7432,-96.4661,83.25,79,5,3.13
231,Bilibino,RU,2021-11-25 00:37:09,68.0546,166.4372,-4.99,99,100,1.99
232,Prado,BR,2021-11-25 00:37:09,-17.3411,-39.2208,73.58,90,100,6.15
233,Namtsy,RU,2021-11-25 00:37:10,62.7161,129.6658,-29.09,97,100,1.59
234,Bereda,ES,2021-11-25 00:37:11,43.2686,-7.5406,48.92,100,100,1.77
235,Grand Gaube,MU,2021-11-25 00:37:11,-20.0064,57.6608,74.37,76,7,1.99
236,Souillac,MU,2021-11-25 00:37:12,-20.5167,57.5167,74.35,88,20,4.61
237,Barra Velha,BR,2021-11-25 00:37:12,-26.6322,-48.6847,71.51,85,0,2.53
238,Tigil,RU,2021-11-25 00:37:13,57.8,158.6667,16.77,87,5,3.15
239,Khandyga,RU,2021-11-25 00:34:54,62.6667,135.6,-20.11,97,100,0.58
240,Oranjemund,NA,2021-11-25 00:37:13,-28.55,16.4333,59.94,93,22,6.51
241,Sao Filipe,CV,2021-11-25 00:37:14,14.8961,-24.4956,78.24,71,100,5.55
242,Chicama,PE,2021-11-25 00:37:15,-7.8447,-79.1469,61.34,80,100,6.85
243,Nyazepetrovsk,RU,2021-11-25 00:33:14,56.0531,59.6028,8.53,93,100,7.58
244,Avera,US,2021-11-25 00:37:15,33.194,-82.5271,44.53,31,8,5.68
245,Ancud,CL,2021-11-25 00:37:16,-41.8697,-73.8203,57.42,93,49,15.82
246,Portobelo,PA,2021-11-25 00:37:17,9.55,-79.65,76.05,82,100,3.02
247,General Roca,AR,2021-11-25 00:37:17,-39.0333,-67.5833,79.63,24,100,30.44
248,Kouqian,CN,2021-11-25 00:37:17,43.6391,126.4578,15.37,77,14,4.63
249,Ixtapa,MX,2021-11-25 00:34:28,20.7,-105.2,81.63,69,40,12.66
250,Corinth,GR,2021-11-25 00:33:26,37.9407,22.9573,55.89,82,74,5.55
251,Ilulissat,GL,2021-11-25 00:37:18,69.2167,-51.1,28.42,86,40,20.71
252,Mecca,SA,2021-11-25 00:37:19,21.4267,39.8261,72.81,71,0,1.95
253,Luderitz,NA,2021-11-25 00:37:19,-26.6481,15.1594,59.34,83,2,13.11
254,Aklavik,CA,2021-11-25 00:37:20,68.2191,-135.0107,-26.57,68,40,0.0
255,Moussoro,TD,2021-11-25 00:37:20,13.6408,16.4901,76.77,16,0,11.36
256,Tautira,PF,2021-11-25 00:37:21,-17.7333,-149.15,86.02,76,9,9.17
257,Marfino,RU,2021-11-25 00:37:21,55.7028,37.3822,35.85,89,90,17.9
258,Husavik,IS,2021-11-25 00:37:22,66.0449,-17.3389,28.31,80,100,19.53
259,Vila Velha,BR,2021-11-25 00:35:54,-20.3297,-40.2925,75.15,86,20,9.22
260,Half Moon Bay,US,2021-11-25 00:37:22,37.4636,-122.4286,65.28,47,1,1.99
261,Jalu,LY,2021-11-25 00:37:23,29.0331,21.5482,66.0,37,49,5.32
262,Kloulklubed,PW,2021-11-25 00:37:23,7.0419,134.2556,82.9,76,100,16.78
263,Kavaratti,IN,2021-11-25 00:37:24,10.5669,72.642,81.99,76,99,5.64
264,Atherton,GB,2021-11-25 00:37:24,53.5237,-2.4935,41.14,87,8,1.01
265,Upernavik,GL,2021-11-25 00:37:25,72.7868,-56.1549,22.26,93,100,35.99
266,Agogo,GH,2021-11-25 00:37:26,6.8,-1.0819,70.9,88,30,2.75
267,Haines Junction,CA,2021-11-25 00:37:26,60.7522,-137.5108,3.15,78,100,6.91
268,Naze,JP,2021-11-25 00:37:27,28.3667,129.4833,61.72,57,61,3.98
269,Anadyr,RU,2021-11-25 00:37:27,64.75,177.4833,-14.3,76,20,6.71
270,Eirunepe,BR,2021-11-25 00:37:28,-6.6603,-69.8736,71.46,99,100,1.57
271,Weyburn,CA,2021-11-25 00:37:28,49.6668,-103.8511,7.02,78,10,1.14
272,Solnechnyy,RU,2021-11-25 00:37:29,50.7214,136.6319,24.28,92,100,5.26
273,Igdir,TR,2021-11-25 00:38:29,39.9237,44.045,46.33,82,100,5.26
274,Pozo Colorado,PY,2021-11-25 00:38:30,-23.4923,-58.7972,81.3,70,98,7.14
275,Toamasina,MG,2021-11-25 00:38:30,-18.1667,49.3833,75.2,88,20,0.0
276,Muncar,ID,2021-11-25 00:38:31,-8.4333,114.3333,83.35,75,39,3.87
277,Hami,CN,2021-11-25 00:38:31,42.8,93.45,25.7,67,55,2.46
278,Khani,GE,2021-11-25 00:38:32,41.9563,42.9566,36.97,90,100,1.32
279,Male,MV,2021-11-25 00:38:32,4.1748,73.5089,80.55,83,90,11.5
280,Cuyahoga Falls,US,2021-11-25 00:38:33,41.1339,-81.4846,46.26,52,100,1.01
281,Bethel,US,2021-11-25 00:38:33,41.3712,-73.414,40.73,65,1,0.0
282,Tiksi,RU,2021-11-25 00:38:34,71.6872,128.8694,-1.64,79,100,7.18
283,Kodinar,IN,2021-11-25 00:38:34,20.7903,70.7031,74.89,41,1,8.34
284,Hazorasp,UZ,2021-11-25 00:38:35,41.3194,61.0742,49.84,53,100,10.89
285,Keffi,NG,2021-11-25 00:38:35,8.8486,7.8736,75.99,49,58,3.91
286,Gat,IL,2021-11-25 00:35:02,31.61,34.7642,61.39,72,31,4.56
287,Saint-Pierre,RE,2021-11-25 00:37:21,-21.3393,55.4781,74.88,70,0,8.05
288,Damghan,IR,2021-11-25 00:38:36,36.1683,54.348,43.18,55,9,2.86
289,Notre-Dame-Du-Lac,CA,2021-11-25 00:38:37,47.6136,-68.7964,26.04,64,0,5.93
290,Clyde River,CA,2021-11-25 00:33:46,70.4692,-68.5914,1.63,85,77,2.3
291,Kieta,PG,2021-11-25 00:33:41,-6.2167,155.6333,86.79,57,15,4.47
292,Havelock,US,2021-11-25 00:38:38,34.8791,-76.9013,44.92,73,6,1.01
293,Klyuchi,RU,2021-11-25 00:38:38,52.2667,79.1667,28.18,98,100,5.17
294,Paoua,CF,2021-11-25 00:38:39,7.2427,16.4406,69.22,40,7,3.18
295,Krasnyy Chikoy,RU,2021-11-25 00:38:39,50.3643,108.7512,8.69,97,47,3.29
296,Montoro,ES,2021-11-25 00:38:40,38.0241,-4.3834,54.34,83,79,6.06
297,Irtyshskiy,RU,2021-11-25 00:38:40,58.3333,68.1333,6.73,98,96,6.08
298,Plock,PL,2021-11-25 00:38:41,52.5468,19.7064,39.16,80,100,6.49
299,Los Llanos De Aridane,ES,2021-11-25 00:38:41,28.6585,-17.9182,65.95,91,40,1.01
300,Alpinopolis,BR,2021-11-25 00:38:42,-20.8636,-46.3881,68.04,65,100,3.33
301,Ballina,AU,2021-11-25 00:38:43,-28.8667,153.5667,78.98,85,90,13.8
302,Gonzalez,US,2021-11-25 00:33:52,30.5816,-87.2914,59.49,88,1,4.61
303,Belaya Gora,RU,2021-11-25 00:38:43,68.5333,146.4167,-33.36,100,88,6.15
304,Teya,RU,2021-11-25 00:38:44,60.3778,92.6267,15.51,92,100,6.02
305,Inhambane,MZ,2021-11-25 00:38:44,-23.865,35.3833,69.58,74,19,7.94
306,Manisa,TR,2021-11-25 00:38:45,38.8333,28.1667,45.93,86,95,3.13
307,San Andres,CO,2021-11-25 00:37:11,12.5847,-81.7006,82.42,78,40,9.22
308,Dillon,US,2021-11-25 00:38:46,34.4166,-79.3712,43.25,35,11,4.32
309,Cherskiy,RU,2021-11-25 00:38:46,68.75,161.3,-12.15,98,100,4.61
310,Tommot,RU,2021-11-25 00:38:46,58.9564,126.2925,-12.44,95,99,1.32
311,Port Keats,AU,2021-11-25 00:38:47,-14.25,129.55,88.79,61,89,5.57
312,Honiara,SB,2021-11-25 00:38:47,-9.4333,159.95,86.65,67,26,8.12
313,Doha,QA,2021-11-25 00:34:04,25.2867,51.5333,71.58,71,0,8.05
314,Jiayuguan,CN,2021-11-25 00:38:48,39.8167,98.3,28.24,23,0,1.74
315,Aban,RU,2021-11-25 00:38:48,56.67,96.06,18.59,89,100,4.79
316,Camacha,PT,2021-11-25 00:38:49,33.0833,-16.3333,62.02,48,75,10.36
317,Vardo,NO,2021-11-25 00:38:49,70.3705,31.1107,26.69,76,100,6.44
318,San Patricio,US,2021-11-25 00:38:50,28.017,-97.5169,76.98,80,100,17.25
319,Sioux Lookout,CA,2021-11-25 00:39:50,50.1001,-91.917,10.47,67,75,9.22
320,Abay,KZ,2021-11-25 00:39:50,49.6311,72.8539,32.38,76,100,16.71
321,Mbuji-Mayi,CD,2021-11-25 00:39:51,-6.15,23.6,68.77,95,100,3.15
322,Comodoro Rivadavia,AR,2021-11-25 00:35:42,-45.8667,-67.5,58.86,77,0,4.61
323,Gladstone,AU,2021-11-25 00:39:52,-23.85,151.25,78.73,89,90,10.36
324,Praia Da Vitoria,PT,2021-11-25 00:39:52,38.7333,-27.0667,64.65,68,75,28.25
325,Tuatapere,NZ,2021-11-25 00:39:53,-46.1333,167.6833,67.87,38,100,5.86
326,Udachnyy,RU,2021-11-25 00:36:12,66.4167,112.4,-9.29,90,100,7.27
327,Amahai,ID,2021-11-25 00:39:54,-3.3333,128.9167,85.57,67,37,1.63
328,Waterloo,CA,2021-11-25 00:39:54,43.4668,-80.5164,43.72,75,90,8.01
329,Kudat,MY,2021-11-25 00:39:54,6.8837,116.8477,78.73,89,40,6.91
330,Aykhal,RU,2021-11-25 00:39:55,66.0,111.5,-12.71,99,100,7.14
331,Ust-Nera,RU,2021-11-25 00:36:05,64.5667,143.2,-24.41,99,60,1.28
332,La Ronge,CA,2021-11-25 00:39:55,55.1001,-105.2842,-5.55,71,40,0.0
333,Trat,TH,2021-11-25 00:39:56,12.5,102.5,73.92,81,47,9.69
334,Camapua,BR,2021-11-25 00:39:56,-19.5314,-54.0439,73.27,90,100,6.89
335,Catia La Mar,VE,2021-11-25 00:39:57,10.6038,-67.0303,80.49,90,92,5.61
336,Fiumicino,IT,2021-11-25 00:39:57,41.7675,12.2291,62.15,71,40,9.22
337,Neiafu,TO,2021-11-25 00:39:58,-18.65,-173.9833,68.68,100,20,6.91
338,Calvinia,ZA,2021-11-25 00:39:58,-31.4707,19.776,60.15,39,64,13.31
339,Airai,TL,2021-11-25 00:39:58,-8.9266,125.4092,73.11,66,82,1.61
340,Chau Doc,VN,2021-11-25 00:39:59,10.7,105.1167,75.13,89,100,6.91
341,Belyy Yar,RU,2021-11-25 00:37:28,53.6039,91.3903,24.69,76,40,6.71
342,Gwanda,ZW,2021-11-25 00:40:00,-20.9333,29.0,66.69,71,47,14.0
343,Spokane,US,2021-11-25 00:38:44,47.6166,-117.3677,37.49,88,75,0.0
344,Nuevo Progreso,MX,2021-11-25 00:40:00,23.1667,-97.95,77.59,71,11,8.97
345,Acarau,BR,2021-11-25 00:38:52,-2.8856,-40.12,80.87,77,84,15.86
346,Baturaja,ID,2021-11-25 00:40:01,-4.1333,104.1667,79.83,71,28,1.99
347,Salinas,US,2021-11-25 00:35:40,36.6777,-121.6555,64.8,49,1,5.75
348,Dudinka,RU,2021-11-25 00:40:02,69.4058,86.1778,8.85,93,100,11.45
349,Asfi,MA,2021-11-25 00:39:16,32.2994,-9.2372,59.61,73,6,9.51
350,Tsabong,BW,2021-11-25 00:40:02,-26.0217,22.401,70.12,26,0,9.51
351,Qasigiannguit,GL,2021-11-25 00:40:03,68.8193,-51.1922,28.65,82,99,10.29
352,Stykkisholmur,IS,2021-11-25 00:40:03,65.0757,-22.7297,38.43,92,100,14.25
353,Yerofey Pavlovich,RU,2021-11-25 00:40:04,53.9667,121.9667,3.4,80,97,1.57
354,Moshupa,BW,2021-11-25 00:40:04,-24.7782,25.4155,68.14,49,2,5.5
355,Talnakh,RU,2021-11-25 00:40:05,69.4865,88.3972,7.39,96,100,6.49
356,Itarema,BR,2021-11-25 00:40:05,-2.9248,-39.9167,80.74,76,100,14.76
357,Carballo,ES,2021-11-25 00:40:06,43.213,-8.691,51.55,92,100,6.82
358,San Miguel,SV,2021-11-25 00:40:06,13.4833,-88.1833,83.86,74,0,0.0
359,Thunder Bay,CA,2021-11-25 00:40:07,48.4001,-89.3168,31.55,78,75,12.66
360,Tilichiki,RU,2021-11-25 00:40:07,60.4667,166.1,2.61,94,88,6.4
361,Khandbari,NP,2021-11-25 00:40:08,27.3747,87.2039,54.72,87,32,1.34
362,Ende,ID,2021-11-25 00:40:08,-8.8432,121.6623,86.94,65,57,1.79
363,Baghdad,IQ,2021-11-25 00:35:32,33.3406,44.4009,51.71,66,0,2.3
364,Gryazovets,RU,2021-11-25 00:40:09,58.88,40.2525,24.17,83,89,15.1
365,Mackay,AU,2021-11-25 00:40:10,-21.15,149.2,84.18,70,40,13.8
366,Eydhafushi,MV,2021-11-25 00:41:10,5.1033,73.0708,80.42,78,100,14.97
367,Shimoda,JP,2021-11-25 00:39:18,34.6667,138.95,59.36,59,0,28.54
368,Nalut,LY,2021-11-25 00:41:11,30.3333,10.85,64.2,42,100,8.5
369,Codrington,AU,2021-11-25 00:41:11,-38.2667,141.9667,62.62,65,0,13.98
370,Henties Bay,NA,2021-11-25 00:41:12,-22.116,14.2845,59.86,88,47,2.64
371,Bakchar,RU,2021-11-25 00:41:12,57.0186,82.0711,1.42,98,63,4.18
372,Sept-Iles,CA,2021-11-25 00:41:13,50.2001,-66.3821,31.05,67,1,8.01
373,Samarai,PG,2021-11-25 00:41:13,-10.6167,150.6667,84.79,71,16,14.58
374,Road Town,VG,2021-11-25 00:40:42,18.4167,-64.6167,80.69,88,20,0.0
375,Takoradi,GH,2021-11-25 00:41:14,4.8845,-1.7554,79.29,86,56,6.73
376,Huarmey,PE,2021-11-25 00:40:36,-10.0681,-78.1522,66.97,86,100,8.25
377,Broome,US,2021-11-25 00:41:15,42.2506,-75.833,37.78,64,1,1.99
378,Sur,OM,2021-11-25 00:41:15,22.5667,59.5289,77.18,38,43,3.18
379,Klaksvik,FO,2021-11-25 00:41:16,62.2266,-6.589,38.32,71,100,29.01
380,Hovd,MN,2021-11-25 00:38:55,48.0056,91.6419,25.3,55,98,8.93
381,Baruun-Urt,MN,2021-11-25 00:41:16,46.6806,113.2792,11.03,85,100,4.41
382,Ponta Do Sol,PT,2021-11-25 00:41:17,32.6667,-17.1,64.71,58,100,10.09
383,Pereira Barreto,BR,2021-11-25 00:41:17,-20.6383,-51.1092,79.39,42,88,7.0
384,Montrose,US,2021-11-25 00:41:18,38.4166,-108.2673,29.61,54,0,7.0
385,Saldanha,ZA,2021-11-25 00:41:18,-33.0117,17.9442,59.05,68,0,13.51
386,Dongsheng,CN,2021-11-25 00:41:19,39.8161,109.9776,29.41,33,0,5.82
387,Laredo,US,2021-11-25 00:40:26,27.5064,-99.5075,80.89,61,1,12.66
388,Poum,NC,2021-11-25 00:41:19,-20.2333,164.0167,78.69,67,69,3.51
389,Akonolinga,CM,2021-11-25 00:41:20,3.7667,12.25,66.4,75,7,2.01
390,Muncie,US,2021-11-25 00:41:20,40.1934,-85.3864,51.73,52,20,13.8
391,Pisco,PE,2021-11-25 00:41:21,-13.7,-76.2167,65.01,88,0,16.11
392,Hamilton,US,2021-11-25 00:41:22,39.1834,-84.5333,51.82,48,1,1.99
393,Waipawa,NZ,2021-11-25 00:41:22,-41.4122,175.5153,65.03,43,100,7.7
394,Chirkey,RU,2021-11-25 00:41:22,42.9613,46.9787,31.15,96,100,2.86
395,Borba,BR,2021-11-25 00:41:23,-4.3878,-59.5939,77.13,84,93,0.89
396,Batemans Bay,AU,2021-11-25 00:41:23,-35.7167,150.1833,82.2,76,100,5.93
397,Sibu,MY,2021-11-25 00:38:14,2.3,111.8167,77.31,94,40,3.0
398,Warrnambool,AU,2021-11-25 00:41:24,-38.3833,142.4833,61.52,67,0,13.49
399,Nishihara,JP,2021-11-25 00:41:25,26.1842,127.7558,65.48,63,75,5.75
400,Makakilo City,US,2021-11-25 00:41:25,21.3469,-158.0858,82.72,54,20,14.97
401,College,US,2021-11-25 00:38:56,64.8569,-147.8028,-6.02,70,40,5.75
402,Gazli,UZ,2021-11-25 00:39:57,40.1333,63.45,52.25,56,100,8.88
403,Mwinilunga,ZM,2021-11-25 00:41:26,-11.7358,24.4293,62.65,99,100,1.3
404,Juneau,US,2021-11-25 00:41:26,58.3019,-134.4197,39.25,96,90,8.05
405,Oktyabrskiy,RU,2021-11-25 00:41:27,54.4815,53.471,13.77,89,100,11.74
406,Nyurba,RU,2021-11-25 00:41:27,63.2842,118.3319,-4.86,93,100,3.71
407,Acapulco,MX,2021-11-25 00:38:33,16.8634,-99.8901,82.22,78,40,6.91
408,Santa Rosalia,MX,2021-11-25 00:41:28,27.3167,-112.2833,68.04,61,100,2.57
409,Almenara,BR,2021-11-25 00:41:29,-16.1836,-40.6944,71.37,86,95,1.95
410,Luangwa,ZM,2021-11-25 00:41:29,-15.6167,30.4167,75.04,81,100,8.84
411,Mehamn,NO,2021-11-25 00:41:30,71.0357,27.8492,25.03,92,100,10.89
412,Manado,ID,2021-11-25 00:41:30,1.487,124.8455,84.97,79,40,1.14
413,Salta,AR,2021-11-25 00:40:01,-24.7859,-65.4117,72.19,74,75,1.99
414,Iquitos,PE,2021-11-25 00:42:31,-3.7481,-73.2472,75.24,94,90,1.14
415,Puerto Madryn,AR,2021-11-25 00:42:31,-42.7692,-65.0385,70.77,49,27,7.9
416,Kirgiz-Miyaki,RU,2021-11-25 00:42:32,53.6324,54.7979,4.86,94,100,11.12
417,San Juan Bautista,PE,2021-11-25 00:42:32,-14.0108,-75.7358,60.17,70,100,4.74
418,Shenjiamen,CN,2021-11-25 00:42:33,29.9576,122.298,55.11,55,5,6.22
419,Bestobe,KZ,2021-11-25 00:41:18,52.4994,73.0975,18.84,95,100,10.0
420,Elmina,GH,2021-11-25 00:42:34,5.0898,-1.348,79.63,86,52,5.73
421,Mahebourg,MU,2021-11-25 00:42:34,-20.4081,57.7,74.25,88,20,4.61
422,Port Hedland,AU,2021-11-25 00:42:35,-20.3167,118.5667,89.65,17,21,21.85
423,Abu Kamal,SY,2021-11-25 00:42:35,34.4506,40.9171,59.07,54,41,6.69
424,Nome,US,2021-11-25 00:42:35,64.5011,-165.4064,3.27,61,1,0.0
425,Buraydah,SA,2021-11-25 00:39:29,26.326,43.975,61.25,44,0,8.57
426,Mananara,MG,2021-11-25 00:42:36,-16.1667,49.7667,71.78,86,32,1.92
427,Las Vegas,US,2021-11-25 00:41:07,36.175,-115.1372,60.24,15,1,5.01
428,Tura,IN,2021-11-25 00:42:37,25.5198,90.2201,57.88,66,0,2.75
429,Hofn,IS,2021-11-25 00:42:37,64.2539,-15.2082,31.66,56,100,7.7
430,Mareeba,AU,2021-11-25 00:41:41,-17.0,145.4333,83.44,71,100,5.88
431,Montevideo,UY,2021-11-25 00:42:38,-34.8335,-56.1674,74.91,27,0,6.91
432,Badou,TG,2021-11-25 00:42:39,7.5833,0.6,75.02,74,34,0.98
433,Dingzhou,CN,2021-11-25 00:42:39,38.5131,114.9956,32.11,37,0,1.61
434,Karlskrona,SE,2021-11-25 00:42:40,56.1616,15.5866,45.05,92,100,15.75
435,Logan Lake,CA,2021-11-25 00:42:41,50.4998,-120.8025,28.24,96,100,8.63
436,Gorontalo,ID,2021-11-25 00:42:41,0.5412,123.0595,85.89,69,100,2.35
437,San Policarpo,PH,2021-11-25 00:42:42,12.1791,125.5072,82.8,84,100,11.56
438,Corinto,GR,2021-11-25 00:41:26,37.9407,22.9573,55.89,82,74,5.55
439,Yangjiang,CN,2021-11-25 00:42:43,21.85,111.9667,69.94,58,42,5.17
440,Yazykovo,RU,2021-11-25 00:42:43,55.2199,56.1353,7.18,96,100,11.23
441,La Reforma,MX,2021-11-25 00:42:44,25.0833,-108.05,84.49,79,2,5.3
442,Pringsewu,ID,2021-11-25 00:42:44,-5.3582,104.9744,79.65,62,97,1.45
443,Cranbrook,CA,2021-11-25 00:42:14,49.4999,-115.7688,32.86,69,75,12.66
444,Karagay,RU,2021-11-25 00:42:45,58.2667,54.9368,8.65,97,99,6.06
445,Fez,MA,2021-11-25 00:42:45,34.0372,-4.9998,52.05,87,40,17.27
446,Padre Paraiso,BR,2021-11-25 00:42:46,-17.0742,-41.4844,66.87,83,100,4.14
447,Port Macquarie,AU,2021-11-25 00:42:46,-31.4333,152.9167,78.89,88,90,10.36
448,Sovetskiy,RU,2021-11-25 00:42:47,61.3614,63.5842,11.16,86,99,7.78
449,Zemetchino,RU,2021-11-25 00:42:47,53.4973,42.6163,26.71,94,100,17.09
450,Bloomfield,US,2021-11-25 00:40:27,40.8068,-74.1854,44.64,59,1,0.0
451,Dhali,IN,2021-11-25 00:42:48,10.5,77.1667,73.45,79,100,3.91
452,Emerald,AU,2021-11-25 00:41:02,-23.5333,148.1667,74.98,71,75,10.36
453,Severo-Kurilsk,RU,2021-11-25 00:42:48,50.6789,156.125,36.3,98,100,29.8
454,Rapid City,US,2021-11-25 00:41:44,44.0805,-103.231,29.01,63,90,1.01
455,Santa Maria,BR,2021-11-25 00:40:24,-29.6842,-53.8069,70.9,37,0,6.91
456,Neyshabur,IR,2021-11-25 00:43:51,36.2133,58.7958,47.17,51,7,2.68
457,Chunoyar,RU,2021-11-25 00:43:51,57.4467,97.3217,14.58,95,100,3.24
458,Pulwama,IN,2021-11-25 00:43:52,33.874,74.8996,41.5,45,18,1.14
459,Bambous Virieux,MU,2021-11-25 00:43:52,-20.3428,57.7575,74.21,88,20,4.61
460,Chegdomyn,RU,2021-11-25 00:43:53,51.1167,133.0167,12.83,83,100,0.96
461,De-Kastri,RU,2021-11-25 00:43:53,51.4667,140.7833,26.04,91,100,7.76
462,Artigas,UY,2021-11-25 00:43:54,-30.4,-56.4667,69.1,39,0,10.25
463,Shamary,RU,2021-11-25 00:43:54,57.3434,58.2199,8.26,96,100,5.66
464,Lata,PT,2021-11-25 00:43:55,40.1629,-8.3327,51.82,96,68,1.92
465,Yulara,AU,2021-11-25 00:41:47,-25.2406,130.9889,71.44,46,40,14.97
466,Sinjar,IQ,2021-11-25 00:43:55,36.3209,41.8754,52.84,61,96,3.58
467,Benghazi,LY,2021-11-25 00:43:56,32.1167,20.0667,66.63,59,74,7.4
468,Colonia,DE,2021-11-25 00:39:37,50.9333,6.95,40.68,90,75,3.44
469,Bubaque,GW,2021-11-25 00:43:56,11.2833,-15.8333,82.87,75,11,9.98
470,Oume,JP,2021-11-25 00:43:57,35.7839,139.2431,56.86,47,1,0.0
471,Northam,GB,2021-11-25 00:43:57,51.0333,-4.2167,45.3,88,100,18.12
472,Hanzhong,CN,2021-11-25 00:43:58,33.0728,107.0303,46.04,70,0,1.01
473,Antofagasta,CL,2021-11-25 00:42:09,-23.65,-70.4,61.88,78,100,4.41
474,Charters Towers,AU,2021-11-25 00:43:58,-20.1,146.2667,81.77,62,100,8.39
475,Kaitangata,NZ,2021-11-25 00:43:59,-46.2817,169.8464,67.84,47,50,5.64
476,Rimouski,CA,2021-11-25 00:40:02,48.4488,-68.524,33.48,61,0,8.46
477,Petropavlovsk-Kamchatskiy,RU,2021-11-25 00:41:15,53.0452,158.6483,39.79,56,75,22.37
478,Marsa Matruh,EG,2021-11-25 00:43:20,31.3525,27.2453,59.2,82,0,3.44
479,Assiniboia,CA,2021-11-25 00:44:00,49.6334,-105.9845,8.51,78,0,8.05
480,Kingston,JM,2021-11-25 00:43:23,17.997,-76.7936,81.55,72,20,8.05
481,Korla,CN,2021-11-25 00:44:00,41.7597,86.1469,25.65,60,6,3.13
482,Namatanai,PG,2021-11-25 00:44:01,-3.6667,152.4333,85.46,67,47,6.89
483,Abu Zabad,SD,2021-11-25 00:44:01,12.35,29.25,67.41,19,0,11.92
484,Slave Lake,CA,2021-11-25 00:44:02,55.2834,-114.769,12.18,79,90,10.36
485,Palaiokomi,GR,2021-11-25 00:44:02,40.8667,23.9,48.6,70,76,3.87
486,Kisesa,TZ,2021-11-25 00:44:03,-3.0833,34.15,70.7,64,96,3.83
487,Concordia,AR,2021-11-25 00:44:03,-31.393,-58.0209,80.78,40,0,4.0
488,Faya,SA,2021-11-25 00:44:03,18.3851,42.4509,53.71,54,4,0.89
489,Carbonia,IT,2021-11-25 00:44:04,39.1672,8.5222,54.99,95,100,5.35
490,La Ciotat,FR,2021-11-25 00:44:04,43.1748,5.6045,53.49,91,100,17.43
491,Bahia Blanca,AR,2021-11-25 00:39:15,-38.7196,-62.2724,68.52,83,90,11.5
492,San Lorenzo,PY,2021-11-25 00:41:19,-25.3333,-57.5333,77.94,83,0,3.0
493,Ambon,ID,2021-11-25 00:44:05,-3.6954,128.1814,87.94,70,20,4.61
494,Guilin,CN,2021-11-25 00:43:04,25.2819,110.2864,46.51,61,0,1.66
495,Belmonte,BR,2021-11-25 00:43:43,-15.8631,-38.8828,77.5,90,100,5.88
496,Umm Lajj,SA,2021-11-25 00:44:07,25.0213,37.2685,75.04,56,43,7.23
497,Cairns,AU,2021-11-25 00:44:07,-16.9167,145.7667,88.07,78,75,13.8
498,Manokwari,ID,2021-11-25 00:44:07,-0.8667,134.0833,83.48,73,100,8.08
499,Asau,RO,2021-11-25 00:44:08,46.4333,26.4,28.76,81,3,3.44
500,Pocone,BR,2021-11-25 00:41:55,-16.2567,-56.6228,78.42,83,99,3.02
501,Susuman,RU,2021-11-25 00:44:09,62.7833,148.1667,-29.18,98,78,2.04
502,Teguldet,RU,2021-11-25 00:45:09,57.3064,88.1667,17.49,95,100,6.17
503,Novyy Nekouz,RU,2021-11-25 00:45:10,57.9029,38.07,29.03,89,95,11.32
504,Baculin,PH,2021-11-25 00:45:10,7.4525,126.5842,79.16,88,100,1.74
505,Miacatlan,MX,2021-11-25 00:45:11,18.7667,-99.3667,82.17,34,40,2.3
506,Grand-Lahou,CI,2021-11-25 00:45:11,5.1367,-5.0242,78.78,85,41,4.79
507,Luena,AO,2021-11-25 00:43:50,-11.7833,19.9167,63.0,95,100,2.91
508,Berlevag,NO,2021-11-25 00:45:12,70.8578,29.0864,23.07,93,98,5.99
509,Heiligenhafen,DE,2021-11-25 00:45:13,54.3667,10.9833,43.84,85,54,16.62
510,Olafsvik,IS,2021-11-25 00:45:13,64.8945,-23.7142,41.68,84,100,27.0
511,Karlshamn,SE,2021-11-25 00:45:13,56.1706,14.8619,45.09,92,100,12.62
512,Snezhnogorsk,RU,2021-11-25 00:45:14,69.1933,33.2531,-6.02,96,86,4.61
513,Richards Bay,ZA,2021-11-25 00:45:14,-28.783,32.0377,65.52,72,100,9.89
514,Nantucket,US,2021-11-25 00:44:28,41.2835,-70.0995,42.96,37,1,20.71
515,Lakes Entrance,AU,2021-11-25 00:45:15,-37.8811,147.981,65.57,82,100,5.97
516,Maumere,ID,2021-11-25 00:45:16,-8.6199,122.2111,86.31,61,43,0.96
517,Beira,MZ,2021-11-25 00:45:16,-19.8436,34.8389,78.89,69,75,15.01
518,Fort Abbas,PK,2021-11-25 00:45:17,29.1925,72.8536,64.38,18,0,3.06
519,Candido Mendes,BR,2021-11-25 00:45:17,-1.4467,-45.7167,76.86,88,81,3.76
520,Mairi,BR,2021-11-25 00:45:18,-11.7114,-40.1489,71.89,87,23,8.46
521,Dunedin,NZ,2021-11-25 00:42:59,-45.8742,170.5036,65.5,61,100,8.37
522,Santiago Del Estero,AR,2021-11-25 00:41:25,-27.7951,-64.2615,81.84,59,1,11.97
523,Muisne,EC,2021-11-25 00:45:19,0.6,-80.0333,74.66,85,78,4.5
524,Severnyy-Kospashskiy,RU,2021-11-25 00:45:19,59.0925,57.8008,3.6,78,100,3.87
525,Muroto,JP,2021-11-25 00:45:20,33.2833,134.15,51.84,60,7,16.08
526,Maku,IR,2021-11-25 00:45:21,39.2911,44.4521,41.94,80,100,4.14
527,Hervey Bay,AU,2021-11-25 00:45:21,-25.2986,152.8535,81.03,81,100,8.99
528,Birao,CF,2021-11-25 00:45:22,10.2849,22.7882,67.89,26,14,5.48
529,Varva,UA,2021-11-25 00:45:22,50.495,32.7197,32.13,82,97,8.1
530,Deputatskiy,RU,2021-11-25 00:45:22,69.3,139.9,-29.81,99,18,3.78
531,Hambantota,LK,2021-11-25 00:45:23,6.1241,81.1185,75.54,100,40,3.44
532,Scarborough,GB,2021-11-25 00:42:03,54.2797,-0.4044,40.51,85,63,3.0
533,Kununurra,AU,2021-11-25 00:45:24,-15.7667,128.7333,85.98,66,24,3.44
534,West Bay,KY,2021-11-25 00:45:24,19.3667,-81.4167,79.07,75,20,4.0
535,Tevriz,RU,2021-11-25 00:45:25,57.509,72.4042,-0.85,99,86,3.62
536,Adrar,MR,2021-11-25 00:41:53,20.5022,-10.0711,76.51,33,100,8.7
537,Savannah Bight,HN,2021-11-25 00:45:26,16.45,-85.85,75.25,64,99,15.35
538,Algiers,DZ,2021-11-25 00:41:12,36.7525,3.042,48.02,76,20,1.14
539,Cap Malheureux,MU,2021-11-25 00:45:26,-19.9842,57.6142,74.46,75,4,3.0
540,Faanui,PF,2021-11-25 00:45:27,-16.4833,-151.75,81.54,73,21,8.01
541,Namibe,AO,2021-11-25 00:45:27,-15.1961,12.1522,68.02,68,7,6.69
542,Lac-Megantic,CA,2021-11-25 00:45:28,45.5834,-70.8823,23.45,60,0,5.46
543,Coxim,BR,2021-11-25 00:45:28,-18.5067,-54.76,77.34,85,100,2.86
544,Cockburn Town,TC,2021-11-25 00:45:29,21.4612,-71.1419,78.76,61,75,5.75
545,Kishorganj,BD,2021-11-25 00:46:30,24.4333,90.7667,64.17,60,0,4.25
546,Te Anau,NZ,2021-11-25 00:46:30,-45.4167,167.7167,64.67,40,100,8.97
547,Calabozo,VE,2021-11-25 00:46:31,8.9242,-67.4293,80.24,68,93,3.89
548,Leiyang,CN,2021-11-25 00:46:31,26.4024,112.8591,55.26,64,5,0.43
549,Puerto Colombia,CO,2021-11-25 00:46:32,10.9878,-74.9547,77.09,80,79,16.13
550,Uncia,BO,2021-11-25 00:46:32,-18.467,-66.5685,52.47,59,100,5.12
551,Lima,PE,2021-11-25 00:46:00,-12.0432,-77.0282,66.9,80,40,13.8
552,Soria,ES,2021-11-25 00:46:33,41.6667,-2.6667,38.86,97,100,10.69
553,Kenora,CA,2021-11-25 00:46:33,49.8167,-94.4337,12.18,56,20,11.5
554,La Asuncion,VE,2021-11-25 00:46:34,11.0333,-63.8628,89.33,66,17,11.5
